ID,NUM_VOTAVEL,TOTAL_VOTOS,SHARE,ANO,NOME_CANDIDATO,SIGLA_PARTIDO,DESCRICAO_CARGO
1,18622,969,28.1%,1998,JOSINALDO FRANCISCO DA CRUZ,PST,DEPUTADO ESTADUAL
2,45277,336,9.8%,1998,SÉRGIO DE OLIVEIRA CABRAL SANTOS FILHO,PSDB,DEPUTADO ESTADUAL
3,95,250,7.3%,1998,NA,NA,NA
4,96,151,4.4%,1998,NA,NA,NA
5,11193,133,3.9%,1998,ODENIR LAPROVITA VIEIRA,PPB,DEPUTADO ESTADUAL
6,25,127,3.7%,1998,NA,NA,NA
7,45,105,3%,1998,NA,NA,NA
8,12,98,2.8%,1998,NA,NA,NA
9,13,91,2.6%,1998,NA,NA,NA
10,20156,79,2.3%,1998,LEONARDO FARIAS MAGALHÃES,PSC,DEPUTADO ESTADUAL
11,11,40,1.2%,1998,NA,NA,NA
12,12212,39,1.1%,1998,MARIA APARECIDA CAMPOS STRAUS,PDT,DEPUTADO ESTADUAL
13,14120,38,1.1%,1998,JOSÉ NADER JUNIOR,PTB,DEPUTADO ESTADUAL
14,25668,30,0.9%,1998,MANFRIED SANT'ANNA,PFL,DEPUTADO ESTADUAL
15,45622,27,0.8%,1998,JANUALDO BORGES SOUSA,PSDB,DEPUTADO ESTADUAL
16,45210,26,0.8%,1998,CARLOS ROBERTO DE OLIVEIRA,PSDB,DEPUTADO ESTADUAL
17,41223,25,0.7%,1998,MERCI TEIXEIRA DE LACERDA,PSD,DEPUTADO ESTADUAL
18,70101,25,0.7%,1998,DOMINGOS INACIO BRAZÃO,PT do B,DEPUTADO ESTADUAL
19,15,24,0.7%,1998,NA,NA,NA
20,13113,24,0.7%,1998,FRANCISCO RODRIGUES DE ALENCAR FILHO,PT,DEPUTADO ESTADUAL
21,25093,24,0.7%,1998,ELBERTO ELY BRIZOLA DA SILVA,PFL,DEPUTADO ESTADUAL
22,18,22,0.6%,1998,NA,NA,NA
23,25222,22,0.6%,1998,SOLANGE AMARAL,PFL,DEPUTADO ESTADUAL
24,23,21,0.6%,1998,NA,NA,NA
25,25608,21,0.6%,1998,CARLOS DIAS FILHO,PFL,DEPUTADO ESTADUAL
26,25677,21,0.6%,1998,MÔNICA ROSEIRO LEITE,PFL,DEPUTADO ESTADUAL
27,40,20,0.6%,1998,NA,NA,NA
28,56,20,0.6%,1998,NA,NA,NA
29,65123,17,0.5%,1998,EDMILSON JOSE VALENTIM DOS SANTOS,PC do B,DEPUTADO ESTADUAL
30,13616,16,0.5%,1998,FRANCULINO GONÇALVES DOS SANTOS,PT,DEPUTADO ESTADUAL
31,44190,13,0.4%,1998,IVAIR MARTINS DE BRITO,PRP,DEPUTADO ESTADUAL
32,45145,12,0.3%,1998,BERNARD RAJZMAN,PSDB,DEPUTADO ESTADUAL
33,12232,11,0.3%,1998,ALBANO ANTONIO REIS,PDT,DEPUTADO ESTADUAL
34,25678,11,0.3%,1998,IVAN MOREIRA DOS SANTOS,PFL,DEPUTADO ESTADUAL
35,11111,10,0.3%,1998,JOSE GUILHERME GODINHO SIVUCA FERREIRA,PPB,DEPUTADO ESTADUAL
36,20126,10,0.3%,1998,UOCHINTOM BARBOSA,PSC,DEPUTADO ESTADUAL
37,13224,9,0.3%,1998,CARLOS ALBERTO IVANIR DOS SANTOS,PT,DEPUTADO ESTADUAL
38,15102,9,0.3%,1998,PAULO HERMINIO DUQUE COSTA,PMDB,DEPUTADO ESTADUAL
39,70108,9,0.3%,1998,SEBASTIÃO MACENA DE OLIVEIRA FILHO,PT do B,DEPUTADO ESTADUAL
40,16,8,0.2%,1998,NA,NA,NA
41,13112,8,0.2%,1998,ANA MARIA CANTALICE LIPKE,PT,DEPUTADO ESTADUAL
42,13170,8,0.2%,1998,CARLOS MINC BAUMFELD,PT,DEPUTADO ESTADUAL
43,23132,8,0.2%,1998,PAULO PINHEIRO,PPS,DEPUTADO ESTADUAL
44,25526,8,0.2%,1998,EDILEUSA SANTOS ANDRADE,PFL,DEPUTADO ESTADUAL
45,22,7,0.2%,1998,NA,NA,NA
46,70,7,0.2%,1998,NA,NA,NA
47,12341,7,0.2%,1998,MARIA DAS GRAÇAS TUZE DE MATOS,PDT,DEPUTADO ESTADUAL
48,25444,7,0.2%,1998,PAULO GERMANO MACIEL,PFL,DEPUTADO ESTADUAL
49,45107,7,0.2%,1998,JOSÉ RENATO DE JESUS,PSDB,DEPUTADO ESTADUAL
50,12155,6,0.2%,1998,JORGE AUGUSTO ESPÓSITO DE MIRANDA,PDT,DEPUTADO ESTADUAL
51,22625,7737,67.9%,2002,JOSINALDO FRANCISCO DA CRUZ,PL,DEPUTADO ESTADUAL
52,95,439,3.9%,2002,NA,NA,NA
53,22,383,3.4%,2002,NA,NA,NA
54,96,190,1.7%,2002,NA,NA,NA
55,13,148,1.3%,2002,NA,NA,NA
56,15101,115,1%,2002,DOMINGOS INÁCIO BRAZÃO,PMDB,DEPUTADO ESTADUAL
57,15,101,0.9%,2002,NA,NA,NA
58,40,100,0.9%,2002,NA,NA,NA
59,22222,87,0.8%,2002,GERALDO CAETANO,PL,DEPUTADO ESTADUAL
60,45678,75,0.7%,2002,OTÁVIO SANTOS SILVA LEITE,PSDB,DEPUTADO ESTADUAL
61,15333,66,0.6%,2002,EDNA MARIA RODRIGUES DE OLIVEIRA,PMDB,DEPUTADO ESTADUAL
62,25,56,0.5%,2002,NA,NA,NA
63,13170,52,0.5%,2002,CARLOS MINC BAUMFELD,PT,DEPUTADO ESTADUAL
64,15505,48,0.4%,2002,PEDRO AUGUSTO PALARETI,PMDB,DEPUTADO ESTADUAL
65,25123,46,0.4%,2002,EIDER RIBEIRO DANTAS FILHO,PFL,DEPUTADO ESTADUAL
66,13010,45,0.4%,2002,ALESSANDRO LUCCIOLA MOLON,PT,DEPUTADO ESTADUAL
67,11587,43,0.4%,2002,MERCI TEIXEIRA DE LACERDA,PPB,DEPUTADO ESTADUAL
68,12,42,0.4%,2002,NA,NA,NA
69,26,40,0.4%,2002,NA,NA,NA
70,12307,40,0.4%,2002,SERGIO GOMES VELLOSO,PDT,DEPUTADO ESTADUAL
71,25221,40,0.4%,2002,ALTIVO MOREIRA DE PÁDUA,PFL,DEPUTADO ESTADUAL
72,15106,36,0.3%,2002,ALBANO ANTONIO REIS,PMDB,DEPUTADO ESTADUAL
73,45,33,0.3%,2002,NA,NA,NA
74,15210,33,0.3%,2002,CARLOS ROBERTO DINAMITE DE OLIVEIRA,PMDB,DEPUTADO ESTADUAL
75,22622,28,0.2%,2002,EDSON  BERNARDINO DA SILVA,PL,DEPUTADO ESTADUAL
76,11,26,0.2%,2002,NA,NA,NA
77,40070,26,0.2%,2002,SAMUEL LIMA MALAFAIA,PSB,DEPUTADO ESTADUAL
78,22001,25,0.2%,2002,VERONICA CHAVES DE CARVALHO COSTA,PL,DEPUTADO ESTADUAL
79,11456,24,0.2%,2002,GEORGETTE VIDOR MELLO,PPB,DEPUTADO ESTADUAL
80,25093,24,0.2%,2002,ALBERTO ELY BRIZOLA DA SILVA,PFL,DEPUTADO ESTADUAL
81,12678,22,0.2%,2002,CESAR AUGUSTO RODRIGUES PENNA,PDT,DEPUTADO ESTADUAL
82,40777,22,0.2%,2002,ARMANDO JOSE TAVARES FERREIRA,PSB,DEPUTADO ESTADUAL
83,11200,20,0.2%,2002,FÁBIO FRANCISCO DA SILVA,PPB,DEPUTADO ESTADUAL
84,45620,20,0.2%,2002,LUIZ PAULO CORRÊA DA ROCHA,PSDB,DEPUTADO ESTADUAL
85,43600,19,0.2%,2002,RICARDO ROTENBERG,PV,DEPUTADO ESTADUAL
86,23,18,0.2%,2002,NA,NA,NA
87,13123,17,0.1%,2002,PAULO PINHEIRO,PT,DEPUTADO ESTADUAL
88,40110,17,0.1%,2002,ALVARO LINS DOS SANTOS,PSB,DEPUTADO ESTADUAL
89,40345,17,0.1%,2002,FRANCISCO MANOEL DE CARVALHO,PSB,DEPUTADO ESTADUAL
90,15258,16,0.1%,2002,DIOGO RODRIGUES CUOCO,PMDB,DEPUTADO ESTADUAL
91,22345,16,0.1%,2002,ROMULO ARTUR COSTA,PL,DEPUTADO ESTADUAL
92,65651,16,0.1%,2002,RICARDO GARCIA CAPPELLI,PC do B,DEPUTADO ESTADUAL
93,13455,15,0.1%,2002,GILBERTO SILVA PALMARES,PT,DEPUTADO ESTADUAL
94,40111,15,0.1%,2002,BERNARD RAJZMAN,PSB,DEPUTADO ESTADUAL
95,25522,14,0.1%,2002,UÓCHINTON BARBOSA,PFL,DEPUTADO ESTADUAL
96,25622,14,0.1%,2002,RENATO OAZEN,PFL,DEPUTADO ESTADUAL
97,43,13,0.1%,2002,NA,NA,NA
98,13601,13,0.1%,2002,ELIOMAR DE SOUZA COELHO,PT,DEPUTADO ESTADUAL
99,22655,13,0.1%,2002,PAULO CESAR AMENDOLA DE SOUZA,PL,DEPUTADO ESTADUAL
100,25001,13,0.1%,2002,JOÃO PEDRO CAMPOS DE ANDRADE FIGUEIRA,PFL,DEPUTADO ESTADUAL
101,12222,5618,29.6%,2006,EPAMINONDAS DE QUEIROZ MEDEIROS JUNIOR,PDT,DEPUTADO ESTADUAL
102,95,2201,11.6%,2006,NA,NA,NA
103,96,776,4.1%,2006,NA,NA,NA
104,44123,528,2.8%,2006,ALEXANDRE BRAZ CORREA,PRP,DEPUTADO ESTADUAL
105,25001,495,2.6%,2006,JOAO PEDRO CAMPOS DE ANDRADE FIGUEIRA,PFL,DEPUTADO ESTADUAL
106,15101,470,2.5%,2006,DOMINGOS INACIO BRAZÃO,PMDB,DEPUTADO ESTADUAL
107,12123,413,2.2%,2006,WAGNER MONTES DOS SANTOS,PDT,DEPUTADO ESTADUAL
108,31233,413,2.2%,2006,CRISTIANO GIRAO MATIAS,PHS,DEPUTADO ESTADUAL
109,15,410,2.2%,2006,NA,NA,NA
110,15505,385,2%,2006,PEDRO AUGUSTO PALARETI,PMDB,DEPUTADO ESTADUAL
111,13,375,2%,2006,NA,NA,NA
112,15110,320,1.7%,2006,ALVARO LINS DOS SANTOS,PMDB,DEPUTADO ESTADUAL
113,12,225,1.2%,2006,NA,NA,NA
114,13010,215,1.1%,2006,ALESSANDRO LUCCIOLA MOLON,PT,DEPUTADO ESTADUAL
115,10,201,1.1%,2006,NA,NA,NA
116,45,194,1%,2006,NA,NA,NA
117,43210,186,1%,2006,CARLOS ALBERTO LAVRADO CUPELLO,PV,DEPUTADO ESTADUAL
118,25669,174,0.9%,2006,JOSE DA PAIXAO REIS DUALIBI,PFL,DEPUTADO ESTADUAL
119,45001,158,0.8%,2006,PEDRO PAULO CARVALHO TEIXEIRA,PSDB,DEPUTADO ESTADUAL
120,25678,134,0.7%,2006,RODRIGO CARVALHO RIBEIRO DANTAS,PFL,DEPUTADO ESTADUAL
121,25,131,0.7%,2006,NA,NA,NA
122,11,126,0.7%,2006,NA,NA,NA
123,15300,123,0.6%,2006,FABIO FRANCISCO DA SILVA,PMDB,DEPUTADO ESTADUAL
124,12456,119,0.6%,2006,MARCOS BEZERRA RIBEIRO SOARES,PDT,DEPUTADO ESTADUAL
125,56123,115,0.6%,2006,EDINO FIALHO FONSECA,PRONA,DEPUTADO ESTADUAL
126,65,112,0.6%,2006,NA,NA,NA
127,15210,108,0.6%,2006,CARLOS ROBERTO DINAMITE DE OLIVEIRA,PMDB,DEPUTADO ESTADUAL
128,33155,102,0.5%,2006,JANUALDO BORGES DA MARDIL SOUSA,PMN,DEPUTADO ESTADUAL
129,70608,86,0.5%,2006,JORGE DA SILVA PACHECO,PT do B,DEPUTADO ESTADUAL
130,12605,80,0.4%,2006,CARLOS EDUARDO PETRA LOPES DE CARVALHO,PDT,DEPUTADO ESTADUAL
131,28,78,0.4%,2006,NA,NA,NA
132,15070,77,0.4%,2006,SAMUEL LIMA MALAFAIA,PMDB,DEPUTADO ESTADUAL
133,13170,76,0.4%,2006,CARLOS MINC BAUMFELD,PT,DEPUTADO ESTADUAL
134,50,74,0.4%,2006,NA,NA,NA
135,65123,73,0.4%,2006,FERNANDO PAULO FIGUEIREDO BUARQUE DE GUSMÃO,PC do B,DEPUTADO ESTADUAL
136,25010,70,0.4%,2006,CLAUDIO MURILLO CAVALCANTI,PFL,DEPUTADO ESTADUAL
137,33007,67,0.4%,2006,JOSE FERNANDO MORAES ALVES,PMN,DEPUTADO ESTADUAL
138,13444,65,0.3%,2006,JORGE LUIS HAUAT,PT,DEPUTADO ESTADUAL
139,65987,64,0.3%,2006,MANOEL JAYME RAMOS DE SOUZA,PC do B,DEPUTADO ESTADUAL
140,33456,61,0.3%,2006,JOSE PAULO PEREIRA SOUTO,PMN,DEPUTADO ESTADUAL
141,13455,58,0.3%,2006,GILBERTO SILVA PALMARES,PT,DEPUTADO ESTADUAL
142,28405,55,0.3%,2006,ROBERVAL BATISTA DE UZEDA,PRTB,DEPUTADO ESTADUAL
143,70345,54,0.3%,2006,RICARDO CORREA DE BARROS,PT do B,DEPUTADO ESTADUAL
144,22,53,0.3%,2006,NA,NA,NA
145,43043,49,0.3%,2006,ANDRÉ LUIZ LAZARONI DE MORAES,PV,DEPUTADO ESTADUAL
146,23,48,0.3%,2006,NA,NA,NA
147,11111,48,0.3%,2006,DIONISIO DE SOUZA LINS,PP,DEPUTADO ESTADUAL
148,20797,48,0.3%,2006,ANTONIO FERREIRA PEDREGAL FILHO,PSC,DEPUTADO ESTADUAL
149,12212,47,0.2%,2006,MARIA APARECIDA CAMPOS STRAUS,PDT,DEPUTADO ESTADUAL
150,25253,47,0.2%,2006,ATILA NUNES PEREIRA FILHO,PFL,DEPUTADO ESTADUAL
151,15101,6411,29.6%,2010,DOMINGOS INÁCIO BRAZÃO,PMDB,DEPUTADO ESTADUAL
152,12123,3246,15%,2010,WAGNER MONTES DOS SANTOS,PDT,DEPUTADO ESTADUAL
153,95,1857,8.6%,2010,NA,NA,NA
154,96,813,3.8%,2010,NA,NA,NA
155,13013,641,3%,2010,ROBSON CAMPOS LEITE,PT,DEPUTADO ESTADUAL
156,15,514,2.4%,2010,NA,NA,NA
157,36888,501,2.3%,2010,SANDRO DE MOURA ALEXANDRE,PTC,DEPUTADO ESTADUAL
158,13,436,2%,2010,NA,NA,NA
159,10123,380,1.8%,2010,ALEXANDRE BRAZ CORREA,PRB,DEPUTADO ESTADUAL
160,12,310,1.4%,2010,NA,NA,NA
161,11811,274,1.3%,2010,JOSE CARLOS FERREIRA DO CARMO,PP,DEPUTADO ESTADUAL
162,15505,269,1.2%,2010,PEDRO AUGUSTO PALARETI,PMDB,DEPUTADO ESTADUAL
163,12456,211,1%,2010,MARCOS BEZERRA RIBEIRO SOARES,PDT,DEPUTADO ESTADUAL
164,12777,194,0.9%,2010,JOSE ROBERTO GAMA DE OLIVEIRA,PDT,DEPUTADO ESTADUAL
165,22456,167,0.8%,2010,JOSE PAULO PEREIRA SOUTO,PR,DEPUTADO ESTADUAL
166,40777,167,0.8%,2010,ARMANDO JOSE TAVARES FERREIRA,PSB,DEPUTADO ESTADUAL
167,50123,167,0.8%,2010,MARCELO RIBEIRO FREIXO,PSOL,DEPUTADO ESTADUAL
168,22777,152,0.7%,2010,SAMUEL LIMA MALAFAIA,PR,DEPUTADO ESTADUAL
169,22345,151,0.7%,2010,CLARISSA BARROS ASSED MATHEUS DE OLIVEIRA,PR,DEPUTADO ESTADUAL
170,22770,123,0.6%,2010,LUIZ ANDRE FERREIRA DA SILVA,PR,DEPUTADO ESTADUAL
171,43,119,0.5%,2010,NA,NA,NA
172,10555,119,0.5%,2010,WILLIAM DE OLIVEIRA,PRB,DEPUTADO ESTADUAL
173,45,109,0.5%,2010,NA,NA,NA
174,12212,107,0.5%,2010,MARIA APARECIDA CAMPOS STRAUS,PDT,DEPUTADO ESTADUAL
175,20010,106,0.5%,2010,MARCIO HENRIQUE CRUZ PACHECO,PSC,DEPUTADO ESTADUAL
176,11,94,0.4%,2010,NA,NA,NA
177,13001,93,0.4%,2010,CARLOS MINC BAUMFELD,PT,DEPUTADO ESTADUAL
178,22,85,0.4%,2010,NA,NA,NA
179,25,83,0.4%,2010,NA,NA,NA
180,15151,80,0.4%,2010,JANE CHRISTINE DIAS ANDRADE FIGUEIRA,PMDB,DEPUTADO ESTADUAL
181,15555,79,0.4%,2010,ANDRÉ LUIZ LAZARONI DE MORAES,PMDB,DEPUTADO ESTADUAL
182,15210,78,0.4%,2010,CARLOS ROBERTO DINAMITE DE OLIVEIRA,PMDB,DEPUTADO ESTADUAL
183,22002,75,0.3%,2010,VERONICA CHAVES DE CARVALHO COSTA,PR,DEPUTADO ESTADUAL
184,10,69,0.3%,2010,NA,NA,NA
185,12345,63,0.3%,2010,PAULO SERGIO RAMOS BARBOZA,PDT,DEPUTADO ESTADUAL
186,28747,63,0.3%,2010,MARCELO ANTONIO ROSA ZAYAT,PRTB,DEPUTADO ESTADUAL
187,65123,60,0.3%,2010,FERNANDO PAULO FIGUEIREDO BUARQUE DE GUSMÃO,PC do B,DEPUTADO ESTADUAL
188,15159,59,0.3%,2010,RAFAEL CARNEIRO MONTEIRO PICCIANI,PMDB,DEPUTADO ESTADUAL
189,19369,56,0.3%,2010,JOAO CARLOS DOS SANTOS,PTN,DEPUTADO ESTADUAL
190,17777,55,0.3%,2010,GESSE COSTA SANTOS,PSL,DEPUTADO ESTADUAL
191,15012,51,0.2%,2010,ADELSON PEREIRA GUEDES,PMDB,DEPUTADO ESTADUAL
192,43123,48,0.2%,2010,ASPASIA BRASILEIRO ALCANTARA DE CAMARGO,PV,DEPUTADO ESTADUAL
193,65456,46,0.2%,2010,GILBERTO COELHO DE SANTANNA,PC do B,DEPUTADO ESTADUAL
194,33,45,0.2%,2010,NA,NA,NA
195,36,44,0.2%,2010,NA,NA,NA
196,12381,44,0.2%,2010,ADEIR THEOFILO APOLINARIO,PDT,DEPUTADO ESTADUAL
197,11111,40,0.2%,2010,DIONISIO DE SOUZA LINS,PP,DEPUTADO ESTADUAL
198,22123,40,0.2%,2010,EDINO FIALHO FONSECA,PR,DEPUTADO ESTADUAL
199,23000,39,0.2%,2010,PAULO PINHEIRO,PPS,DEPUTADO ESTADUAL
200,45620,39,0.2%,2010,LUCIA HELENA PINTO DE BARROS,PSDB,DEPUTADO ESTADUAL
201,2522,744,21.6%,1998,EDUARDO DA COSTA PAES,PFL,DEPUTADO FEDERAL
202,95,275,8%,1998,NA,NA,NA
203,1590,167,4.9%,1998,JORGE WILSON DE MATOS,PMDB,DEPUTADO FEDERAL
204,1222,162,4.7%,1998,MIRO TEIXEIRA,PDT,DEPUTADO FEDERAL
205,45,154,4.5%,1998,NA,NA,NA
206,96,147,4.3%,1998,NA,NA,NA
207,18,124,3.6%,1998,NA,NA,NA
208,13,105,3%,1998,NA,NA,NA
209,1199,105,3%,1998,EURICO ANGELO DE OLIVEIRA MIRANDA,PPB,DEPUTADO FEDERAL
210,12,99,2.9%,1998,NA,NA,NA
211,2326,70,2%,1998,REGINALDO DE FREITAS DIAS,PPS,DEPUTADO FEDERAL
212,25,66,1.9%,1998,NA,NA,NA
213,4556,61,1.8%,1998,LUIZ ANTONIO DANTAS RIBEIRO,PSDB,DEPUTADO FEDERAL
214,6565,51,1.5%,1998,JANDIRA FEGHALI,PC do B,DEPUTADO FEDERAL
215,1110,45,1.3%,1998,FRANCISCO OSWALDO NEVES DORNELLES,PPB,DEPUTADO FEDERAL
216,4545,45,1.3%,1998,RONALDO CEZAR COELHO,PSDB,DEPUTADO FEDERAL
217,2502,42,1.2%,1998,AROLDE DE OLIVEIRA,PFL,DEPUTADO FEDERAL
218,1265,38,1.1%,1998,LUIZ ALFREDO SALOMÃO,PDT,DEPUTADO FEDERAL
219,1331,34,1%,1998,JORGE RICARDO BITTAR,PT,DEPUTADO FEDERAL
220,1616,33,1%,1998,LUIZ LINDBERGH FARIAS FILHO,PSTU,DEPUTADO FEDERAL
221,7008,33,1%,1998,JORGE DA SILVA PACHECO,PT do B,DEPUTADO FEDERAL
222,2587,32,0.9%,1998,RODRIGO FELINTO IBARRA EPITÁCIO MAIA,PFL,DEPUTADO FEDERAL
223,4080,27,0.8%,1998,JORGE LUIZ MOURA,PSB,DEPUTADO FEDERAL
224,23,25,0.7%,1998,NA,NA,NA
225,2525,25,0.7%,1998,MARIA LAURA MONTEZA DE SOUZA CARNEIRO,PFL,DEPUTADO FEDERAL
226,2567,24,0.7%,1998,BRAZ PAULINO DA SILVA,PFL,DEPUTADO FEDERAL
227,2501,23,0.7%,1998,RUBEM MEDINA,PFL,DEPUTADO FEDERAL
228,1115,22,0.6%,1998,JOÃO RICARDO MENDES,PPB,DEPUTADO FEDERAL
229,11,20,0.6%,1998,NA,NA,NA
230,1130,20,0.6%,1998,OLIVEIRA FRANCISCO DA SILVA,PPB,DEPUTADO FEDERAL
231,4321,17,0.5%,1998,FERNANDO PAULO NAGLE GABEIRA,PV,DEPUTADO FEDERAL
232,20,16,0.5%,1998,NA,NA,NA
233,56,16,0.5%,1998,NA,NA,NA
234,1292,16,0.5%,1998,FERNANDO LOPES DE ALMEIDA,PDT,DEPUTADO FEDERAL
235,1507,15,0.4%,1998,MARCO ANTONIO ROSEIRO LEITE,PMDB,DEPUTADO FEDERAL
236,4522,14,0.4%,1998,MATUSAEL DO NASCIMENTO,PSDB,DEPUTADO FEDERAL
237,4550,14,0.4%,1998,MÁRCIO JOÃO DE ANDRADE FORTES,PSDB,DEPUTADO FEDERAL
238,4554,13,0.4%,1998,JOSÉ MAURÍCIO RODRIGUES GARCIA,PSDB,DEPUTADO FEDERAL
239,2526,12,0.3%,1998,VANESSA POYARES TUFFY FELIPPE,PFL,DEPUTADO FEDERAL
240,4512,12,0.3%,1998,ALEXANDRE JOSE DOS SANTOS,PSDB,DEPUTADO FEDERAL
241,22,11,0.3%,1998,NA,NA,NA
242,1119,11,0.3%,1998,ESPEDITO CORDEIRO DA SILVA,PPB,DEPUTADO FEDERAL
243,2528,11,0.3%,1998,ANTONIO CARLOS AMORIM,PFL,DEPUTADO FEDERAL
244,15,10,0.3%,1998,NA,NA,NA
245,1245,10,0.3%,1998,VANDERLEY MARTINS DE BRITO,PDT,DEPUTADO FEDERAL
246,2533,10,0.3%,1998,CARLOS ALBERTO RODRIGUES PINTO,PFL,DEPUTADO FEDERAL
247,5656,9,0.3%,1998,FERNANDO DE CAMPOS ARAUJO MACEDO,PRONA,DEPUTADO FEDERAL
248,14,8,0.2%,1998,NA,NA,NA
249,1120,8,0.2%,1998,JAIR MESSIAS BOLSONARO,PPB,DEPUTADO FEDERAL
250,1180,8,0.2%,1998,PAULO CARDOSO DE ALMEIDA,PPB,DEPUTADO FEDERAL
251,2222,4113,36.1%,2002,CARLOS ALBERTO RODRIGUES PINTO,PL,DEPUTADO FEDERAL
252,2522,1245,10.9%,2002,EDUARDO DA COSTA PAES,PFL,DEPUTADO FEDERAL
253,95,664,5.8%,2002,NA,NA,NA
254,4310,395,3.5%,2002,VANESSA POYARES TUFFY FELIPPE,PV,DEPUTADO FEDERAL
255,2262,334,2.9%,2002,WELIGTON TEIXEIRA DE AZEREDO,PL,DEPUTADO FEDERAL
256,96,258,2.3%,2002,NA,NA,NA
257,13,219,1.9%,2002,NA,NA,NA
258,6565,208,1.8%,2002,JANDIRA FEGHALI,PC do B,DEPUTADO FEDERAL
259,4565,165,1.4%,2002,DENISE FROSSARD LOSCHI,PSDB,DEPUTADO FEDERAL
260,1222,162,1.4%,2002,MIRO TEIXEIRA,PDT,DEPUTADO FEDERAL
261,1110,154,1.4%,2002,FRANCISCO OSWALDO NEVES DORNELLES,PPB,DEPUTADO FEDERAL
262,1303,145,1.3%,2002,FRANCISCO RODRIGUES DE ALENCAR FILHO,PT,DEPUTADO FEDERAL
263,1580,139,1.2%,2002,LEONARDO CARNEIRO MONTEIRO PICCIANI,PMDB,DEPUTADO FEDERAL
264,1515,117,1%,2002,WELLINGTON MOREIRA FRANCO,PMDB,DEPUTADO FEDERAL
265,1111,115,1%,2002,JULIO LUIZ BAPTISTA LOPES,PPB,DEPUTADO FEDERAL
266,22,101,0.9%,2002,NA,NA,NA
267,4550,101,0.9%,2002,MARCIO JOAO DE ANDRADE FORTES,PSDB,DEPUTADO FEDERAL
268,2225,97,0.9%,2002,ORLANDO SOARES DO ROSÁRIO FILHO,PL,DEPUTADO FEDERAL
269,1314,96,0.8%,2002,LUIZ LINDBERGH FARIAS FILHO,PT,DEPUTADO FEDERAL
270,2587,96,0.8%,2002,RODRIGO FELINTO IBARRA EPITÁCIO MAIA,PFL,DEPUTADO FEDERAL
271,2515,90,0.8%,2002,JOÃO RICARDO MENDES,PFL,DEPUTADO FEDERAL
272,4545,84,0.7%,2002,RONALDO CEZAR COELHO,PSDB,DEPUTADO FEDERAL
273,40,83,0.7%,2002,NA,NA,NA
274,1331,83,0.7%,2002,JORGE RICARDO BITTAR,PT,DEPUTADO FEDERAL
275,2533,77,0.7%,2002,AYRTON ALVARENGA XEREZ,PFL,DEPUTADO FEDERAL
276,1533,74,0.6%,2002,JOSE DIVINO OLIVEIRA DE SOUZA,PMDB,DEPUTADO FEDERAL
277,4010,63,0.6%,2002,JOSIAS QUINTAL DE OLIVEIRA,PSB,DEPUTADO FEDERAL
278,2502,61,0.5%,2002,AROLDE DE OLIVEIRA,PFL,DEPUTADO FEDERAL
279,2210,55,0.5%,2002,ALMIR OLIVEIRA MOURA,PL,DEPUTADO FEDERAL
280,2525,52,0.5%,2002,MARIA LAURA MONTEZA DE SOUZA CARNEIRO,PFL,DEPUTADO FEDERAL
281,15,51,0.4%,2002,NA,NA,NA
282,25,46,0.4%,2002,NA,NA,NA
283,1130,43,0.4%,2002,EDUARDO COSENTINO DA CUNHA,PPB,DEPUTADO FEDERAL
284,1484,43,0.4%,2002,ROBERTO JEFFERSON MONTEIRO FRANCISCO,PTB,DEPUTADO FEDERAL
285,12,39,0.3%,2002,NA,NA,NA
286,5656,38,0.3%,2002,ANTONIO FERNANDO DOS SANTOS SEPULVEDA,PRONA,DEPUTADO FEDERAL
287,1215,37,0.3%,2002,EDUARDO JOSÉ DA SILVA,PDT,DEPUTADO FEDERAL
288,2050,33,0.3%,2002,RENATO COZZOLINO SOBRINHO,PSC,DEPUTADO FEDERAL
289,2501,33,0.3%,2002,RUBEM MEDINA,PFL,DEPUTADO FEDERAL
290,1333,30,0.3%,2002,ANTONIO CARLOS SILVA BISCAIA,PT,DEPUTADO FEDERAL
291,4004,30,0.3%,2002,FERNANDO WILLIAM FERREIRA,PSB,DEPUTADO FEDERAL
292,23,29,0.3%,2002,NA,NA,NA
293,1523,29,0.3%,2002,ANDRÉ LUIZ LOPES DA SILVA,PMDB,DEPUTADO FEDERAL
294,2507,28,0.2%,2002,ALDIR CABRAL DE ARAUJO,PFL,DEPUTADO FEDERAL
295,1324,27,0.2%,2002,FERNANDO PAULO NAGLE GABEIRA,PT,DEPUTADO FEDERAL
296,2580,27,0.2%,2002,PAULO CARDOSO DE ALMEIDA,PFL,DEPUTADO FEDERAL
297,11,26,0.2%,2002,NA,NA,NA
298,1211,26,0.2%,2002,VIVALDO VIEIRA BARBOSA,PDT,DEPUTADO FEDERAL
299,1313,26,0.2%,2002,ANDRÉ LUIZ COSTA DE SOUZA,PT,DEPUTADO FEDERAL
300,1255,25,0.2%,2002,JOAO MENDES DE JESUS,PDT,DEPUTADO FEDERAL
301,1518,3463,18.3%,2006,MARCELO ZATURANSKY NOGUEIRA ITAGIBA,PMDB,DEPUTADO FEDERAL
302,95,2345,12.4%,2006,NA,NA,NA
303,2587,1101,5.8%,2006,RODRIGO FELINTO IBARRA EPITÁCIO MAIA,PFL,DEPUTADO FEDERAL
304,96,859,4.5%,2006,NA,NA,NA
305,1010,761,4%,2006,ILIOBALDO VIVAS DA SILVA,PRB,DEPUTADO FEDERAL
306,2888,757,4%,2006,SANDRO DE MOURA ALEXANDRE,PRTB,DEPUTADO FEDERAL
307,1222,554,2.9%,2006,MIRO TEIXEIRA,PDT,DEPUTADO FEDERAL
308,13,520,2.7%,2006,NA,NA,NA
309,2080,516,2.7%,2006,MARCO AURELIO FRANÇA MOREIRA,PSC,DEPUTADO FEDERAL
310,4555,375,2%,2006,OTAVIO SANTOS SILVA LEITE,PSDB,DEPUTADO FEDERAL
311,1311,289,1.5%,2006,EDSON SANTOS DE SOUZA,PT,DEPUTADO FEDERAL
312,4321,254,1.3%,2006,FERNANDO PAULO NAGLE GABEIRA,PV,DEPUTADO FEDERAL
313,1510,253,1.3%,2006,RODRIGO BETHLEM FERNANDES,PMDB,DEPUTADO FEDERAL
314,2522,244,1.3%,2006,SOLANGE AMARAL,PFL,DEPUTADO FEDERAL
315,1530,241,1.3%,2006,EDUARDO COSENTINO DA CUNHA,PMDB,DEPUTADO FEDERAL
316,15,221,1.2%,2006,NA,NA,NA
317,2511,205,1.1%,2006,ANTONIO PEDRO DE SIQUEIRA INDIO DA COSTA,PFL,DEPUTADO FEDERAL
318,1331,198,1%,2006,JORGE RICARDO BITTAR,PT,DEPUTADO FEDERAL
319,1250,191,1%,2006,RENATO COZZOLINO SOBRINHO,PDT,DEPUTADO FEDERAL
320,6565,189,1%,2006,EDMILSON JOSÉ VALENTIM DOS SANTOS,PC do B,DEPUTADO FEDERAL
321,4515,180,0.9%,2006,JOÃO RICARDO MENDES,PSDB,DEPUTADO FEDERAL
322,1422,178,0.9%,2006,MANOEL FERREIRA,PTB,DEPUTADO FEDERAL
323,10,168,0.9%,2006,NA,NA,NA
324,1234,148,0.8%,2006,CARLOS DAUDT BRIZOLA,PDT,DEPUTADO FEDERAL
325,2315,145,0.8%,2006,MARINA TERRA MAGGESSI DE SOUZA,PPS,DEPUTADO FEDERAL
326,45,142,0.7%,2006,NA,NA,NA
327,2211,135,0.7%,2006,ADILSON SOARES,PL,DEPUTADO FEDERAL
328,1580,132,0.7%,2006,LEONARDO CARNEIRO MONTEIRO PICCIANI,PMDB,DEPUTADO FEDERAL
329,2502,121,0.6%,2006,AROLDE DE OLIVEIRA,PFL,DEPUTADO FEDERAL
330,5670,120,0.6%,2006,LUIZ ANDRÉ FERREIRA DA SILVA,PRONA,DEPUTADO FEDERAL
331,4550,114,0.6%,2006,MARCIO JOÃO DE ANDRADE FORTES,PSDB,DEPUTADO FEDERAL
332,5050,108,0.6%,2006,FRANCISCO RODRIGUES DE ALENCAR FILHO,PSOL,DEPUTADO FEDERAL
333,2222,101,0.5%,2006,LILIAM SA DE PAULA,PL,DEPUTADO FEDERAL
334,12,100,0.5%,2006,NA,NA,NA
335,25,98,0.5%,2006,NA,NA,NA
336,1111,98,0.5%,2006,JULIO LUIZ BAPTISTA LOPES,PP,DEPUTADO FEDERAL
337,4568,92,0.5%,2006,FRANK DE FREITAS MAIA,PSDB,DEPUTADO FEDERAL
338,2323,89,0.5%,2006,PAULO PINHEIRO,PPS,DEPUTADO FEDERAL
339,1333,85,0.4%,2006,ANTONIO CARLOS SILVA BISCAIA,PT,DEPUTADO FEDERAL
340,50,81,0.4%,2006,NA,NA,NA
341,11,66,0.3%,2006,NA,NA,NA
342,1199,66,0.3%,2006,EURICO ÂNGELO DE OLIVEIRA MIRANDA,PP,DEPUTADO FEDERAL
343,2290,66,0.3%,2006,REINALDO GRIP LOPES,PL,DEPUTADO FEDERAL
344,4055,60,0.3%,2006,EDUARDO BENEDITO LOPES,PSB,DEPUTADO FEDERAL
345,7070,59,0.3%,2006,VINICIUS CORDEIRO,PT do B,DEPUTADO FEDERAL
346,2006,56,0.3%,2006,HUGO LEAL MELO DA SILVA,PSC,DEPUTADO FEDERAL
347,1484,55,0.3%,2006,CRISTIANE BRASIL FRANCISCO,PTB,DEPUTADO FEDERAL
348,1554,53,0.3%,2006,GERALDO ROBERTO SIQUEIRA DE SOUZA,PMDB,DEPUTADO FEDERAL
349,65,51,0.3%,2006,NA,NA,NA
350,1313,50,0.3%,2006,MARIA APARECIDA DIOGO BRAGA,PT,DEPUTADO FEDERAL
351,95,2523,11.7%,2010,NA,NA,NA
352,1530,2337,10.8%,2010,EDUARDO COSENTINO DA CUNHA,PMDB,DEPUTADO FEDERAL
353,2588,1505,7%,2010,CARLOS ALBERTO LAVRADO CUPELLO,DEM,DEPUTADO FEDERAL
354,96,1035,4.8%,2010,NA,NA,NA
355,3640,988,4.6%,2010,MARTA MARIANO DE OLIVEIRA,PTC,DEPUTADO FEDERAL
356,3333,733,3.4%,2010,CARLOS ALBERTO LOPES,PMN,DEPUTADO FEDERAL
357,2258,684,3.2%,2010,ANTHONY WILLIAN GAROTINHO MATHEUS DE OLIVEIRA,PR,DEPUTADO FEDERAL
358,4011,653,3%,2010,ROMARIO DE SOUZA FARIA,PSB,DEPUTADO FEDERAL
359,1234,610,2.8%,2010,CARLOS DAUDT BRIZOLA,PDT,DEPUTADO FEDERAL
360,1510,578,2.7%,2010,RODRIGO BETHLEM FERNANDES,PMDB,DEPUTADO FEDERAL
361,1515,572,2.6%,2010,PEDRO PAULO CARVALHO TEIXEIRA,PMDB,DEPUTADO FEDERAL
362,1313,547,2.5%,2010,ALESSANDRO LUCCIOLA MOLON,PT,DEPUTADO FEDERAL
363,1010,509,2.4%,2010,VITOR PAULO ARAUJO DOS SANTOS,PRB,DEPUTADO FEDERAL
364,15,491,2.3%,2010,NA,NA,NA
365,6555,467,2.2%,2010,JANDIRA FEGHALI,PC do B,DEPUTADO FEDERAL
366,4518,399,1.8%,2010,MARCELO ZATURANSKY NOGUEIRA ITAGIBA,PSDB,DEPUTADO FEDERAL
367,13,392,1.8%,2010,NA,NA,NA
368,4555,377,1.7%,2010,OTAVIO SANTOS SILVA LEITE,PSDB,DEPUTADO FEDERAL
369,2211,262,1.2%,2010,ADILSON SOARES,PR,DEPUTADO FEDERAL
370,2323,259,1.2%,2010,STEPAN NERCESSIAN,PPS,DEPUTADO FEDERAL
371,5050,227,1%,2010,FRANCISCO RODRIGUES DE ALENCAR FILHO,PSOL,DEPUTADO FEDERAL
372,2280,209,1%,2010,FRANCISCO FLORIANO DE SOUSA SILVA,PR,DEPUTADO FEDERAL
373,1314,202,0.9%,2010,MARCELO BORGES SERENO,PT,DEPUTADO FEDERAL
374,1377,197,0.9%,2010,BENEDITA SOUZA DA SILVA SAMPAIO,PT,DEPUTADO FEDERAL
375,1331,191,0.9%,2010,JORGE RICARDO BITTAR,PT,DEPUTADO FEDERAL
376,6513,177,0.8%,2010,CARLOS HENRIQUE DE CARVALHO,PC do B,DEPUTADO FEDERAL
377,1516,146,0.7%,2010,WASHINGTON REIS DE OLIVEIRA,PMDB,DEPUTADO FEDERAL
378,1311,145,0.7%,2010,EDSON SANTOS,PT,DEPUTADO FEDERAL
379,2502,138,0.6%,2010,AROLDE DE OLIVEIRA,DEM,DEPUTADO FEDERAL
380,3668,134,0.6%,2010,FRANK DE FREITAS MAIA,PTC,DEPUTADO FEDERAL
381,2222,121,0.6%,2010,LILIAM SA DE PAULA,PR,DEPUTADO FEDERAL
382,43,117,0.5%,2010,NA,NA,NA
383,2020,116,0.5%,2010,FILIPE DE ALMEIDA PEREIRA,PSC,DEPUTADO FEDERAL
384,2587,114,0.5%,2010,RODRIGO FELINTO IBARRA EPITACIO MAIA,DEM,DEPUTADO FEDERAL
385,1111,110,0.5%,2010,JULIO LUIZ BAPTISTA LOPES,PP,DEPUTADO FEDERAL
386,1415,105,0.5%,2010,MARIA LAURA MONTEZA DE SOUZA CARNEIRO,PTB,DEPUTADO FEDERAL
387,10,98,0.5%,2010,NA,NA,NA
388,7001,94,0.4%,2010,ROMMEL CARDOZO,PT do B,DEPUTADO FEDERAL
389,1212,90,0.4%,2010,DILSON MALHEIROS DRUMOND,PDT,DEPUTADO FEDERAL
390,45,88,0.4%,2010,NA,NA,NA
391,4333,85,0.4%,2010,ALFREDO HELIO SYRKIS,PV,DEPUTADO FEDERAL
392,1580,80,0.4%,2010,LEONARDO CARNEIRO MONTEIRO PICCIANI,PMDB,DEPUTADO FEDERAL
393,3636,68,0.3%,2010,DANIEL SAMPAIO TOURINHO,PTC,DEPUTADO FEDERAL
394,1222,66,0.3%,2010,MIRO TEIXEIRA,PDT,DEPUTADO FEDERAL
395,1933,64,0.3%,2010,ANTONIO FERREIRA PEDREGAL FILHO,PTN,DEPUTADO FEDERAL
396,1199,62,0.3%,2010,EURICO ANGELO DE OLIVEIRA MIRANDA,PP,DEPUTADO FEDERAL
397,6565,58,0.3%,2010,EDMILSON JOSE VALENTIM DOS SANTOS,PC do B,DEPUTADO FEDERAL
398,25,55,0.3%,2010,NA,NA,NA
399,2010,55,0.3%,2010,HUGO LEAL MELO DA SILVA,PSC,DEPUTADO FEDERAL
400,2522,52,0.2%,2010,SOLANGE AMARAL,DEM,DEPUTADO FEDERAL
401,70625,2401,36.5%,2000,JOSINALDO FRANCISCO DA CRUZ,PT do B,VEREADOR
402,70625,2401,36.5%,2000,JOSINALDO FRANCISCO DA CRUZ,PT do B,VEREADOR
403,95,368,5.6%,2000,NA,NA,NA
404,25,351,5.3%,2000,NA,NA,NA
405,22333,322,4.9%,2000,LILIAM SA DE PAULA,PL,VEREADOR
406,22333,322,4.9%,2000,LILIAM SA DE PAULA,PL,VEREADOR
407,13,267,4.1%,2000,NA,NA,NA
408,12678,258,3.9%,2000,MARIO DEL REI PINTO,PDT,VEREADOR
409,12678,258,3.9%,2000,MARIO DEL REI PINTO,PDT,VEREADOR
410,12,239,3.6%,2000,NA,NA,NA
411,96,209,3.2%,2000,NA,NA,NA
412,22001,199,3%,2000,VERÔNICA CHAVES DE CARVALHO COSTA,PL,VEREADOR
413,22001,199,3%,2000,VERÔNICA CHAVES DE CARVALHO COSTA,PL,VEREADOR
414,25100,110,1.7%,2000,RODRIGO BETHLEM FERNANDES,PFL,VEREADOR
415,25100,110,1.7%,2000,RODRIGO BETHLEM FERNANDES,PFL,VEREADOR
416,70,100,1.5%,2000,NA,NA,NA
417,15622,100,1.5%,2000,JANUALDO BORGES DA MARDIL SOUSA,PMDB,VEREADOR
418,15622,100,1.5%,2000,JANUALDO BORGES DA MARDIL SOUSA,PMDB,VEREADOR
419,25677,88,1.3%,2000,JORGE CORDEIRO LEITE,PFL,VEREADOR
420,25677,88,1.3%,2000,JORGE CORDEIRO LEITE,PFL,VEREADOR
421,25678,78,1.2%,2000,IVAN MOREIRA DOS SANTOS,PFL,VEREADOR
422,25678,78,1.2%,2000,IVAN MOREIRA DOS SANTOS,PFL,VEREADOR
423,14,76,1.2%,2000,NA,NA,NA
424,70678,66,1%,2000,MERCI TEIXEIRA DE LACERDA,PT do B,VEREADOR
425,70678,66,1%,2000,MERCI TEIXEIRA DE LACERDA,PT do B,VEREADOR
426,16123,64,1%,2000,LUIZ LINDBERGH FARIAS FILHO,PSTU,VEREADOR
427,16123,64,1%,2000,LUIZ LINDBERGH FARIAS FILHO,PSTU,VEREADOR
428,13666,62,0.9%,2000,EDSON SANTOS DE SOUZA,PT,VEREADOR
429,13666,62,0.9%,2000,EDSON SANTOS DE SOUZA,PT,VEREADOR
430,12605,45,0.7%,2000,SAMI JORGE HADDAD ABDULMACIH,PDT,VEREADOR
431,12605,45,0.7%,2000,SAMI JORGE HADDAD ABDULMACIH,PDT,VEREADOR
432,14888,41,0.6%,2000,LUIZ ANTONIO CHRISPIM GUARANÁ,PTB,VEREADOR
433,14888,41,0.6%,2000,LUIZ ANTONIO CHRISPIM GUARANÁ,PTB,VEREADOR
434,15601,40,0.6%,2000,PATRICIA AMORIM SIHMAN,PMDB,VEREADOR
435,15601,40,0.6%,2000,PATRICIA AMORIM SIHMAN,PMDB,VEREADOR
436,13690,28,0.4%,2000,ANA MARIA CANTALICE LIPKE,PT,VEREADOR
437,13690,28,0.4%,2000,ANA MARIA CANTALICE LIPKE,PT,VEREADOR
438,25222,27,0.4%,2000,JOSÉ OLIMPIO DE ABREU BARRETO,PFL,VEREADOR
439,25222,27,0.4%,2000,JOSÉ OLIMPIO DE ABREU BARRETO,PFL,VEREADOR
440,12223,26,0.4%,2000,CESAR AUGUSTO RODRIGUES PENNA,PDT,VEREADOR
441,12223,26,0.4%,2000,CESAR AUGUSTO RODRIGUES PENNA,PDT,VEREADOR
442,28001,26,0.4%,2000,ROBERVAL BATISTA DE UZEDA,PRTB,VEREADOR
443,28001,26,0.4%,2000,ROBERVAL BATISTA DE UZEDA,PRTB,VEREADOR
444,11,25,0.4%,2000,NA,NA,NA
445,45678,22,0.3%,2000,OTAVIO SANTOS SILVA LEITE,PSDB,VEREADOR
446,45678,22,0.3%,2000,OTAVIO SANTOS SILVA LEITE,PSDB,VEREADOR
447,12615,20,0.3%,2000,PEDRO PORFÍRIO SAMPAIO,PDT,VEREADOR
448,12615,20,0.3%,2000,PEDRO PORFÍRIO SAMPAIO,PDT,VEREADOR
449,11626,19,0.3%,2000,AGNALDO TIMÓTEO PEREIRA,PPB,VEREADOR
450,11626,19,0.3%,2000,AGNALDO TIMÓTEO PEREIRA,PPB,VEREADOR
451,25100,13114,75.5%,2004,JOSINALDO FRANCISCO DA CRUZ,PFL,VEREADOR
452,25,765,4.4%,2004,NA,NA,NA
453,95,348,2%,2004,NA,NA,NA
454,96,342,2%,2004,NA,NA,NA
455,22,275,1.6%,2004,NA,NA,NA
456,44123,208,1.2%,2004,ERALDO MACEDO BEZERRA,PRP,VEREADOR
457,15,173,1%,2004,NA,NA,NA
458,23233,149,0.9%,2004,CRISTIANO GIRÃO MATIAS,PPS,VEREADOR
459,15100,117,0.7%,2004,RODRIGO BETHLEM FERNANDES,PMDB,VEREADOR
460,25678,93,0.5%,2004,IVAN MOREIRA DOS SANTOS,PFL,VEREADOR
461,15101,60,0.3%,2004,JOÃO FRANCISCO INÁCIO BRAZÃO,PMDB,VEREADOR
462,13111,59,0.3%,2004,EDSON SANTOS DE SOUZA,PT,VEREADOR
463,15001,52,0.3%,2004,VERÔNICA CHAVES DE CARVALHO COSTA,PMDB,VEREADOR
464,13,50,0.3%,2004,NA,NA,NA
465,25111,46,0.3%,2004,ANTONIO PEDRO DE SIQUEIRA ÍNDIO DA COSTA,PFL,VEREADOR
466,65655,46,0.3%,2004,JOÃO LOURENÇO XAVIER,PC do B,VEREADOR
467,22222,39,0.2%,2004,LILIAM SA DE PAULA,PL,VEREADOR
468,45001,35,0.2%,2004,LUIZ ANTONIO CHRISPIM GUARANÁ,PSDB,VEREADOR
469,22111,30,0.2%,2004,ADILSON SOARES,PL,VEREADOR
470,12,29,0.2%,2004,NA,NA,NA
471,25007,28,0.2%,2004,PATRICIA AMORIM SIHMAN,PFL,VEREADOR
472,56,26,0.1%,2004,NA,NA,NA
473,20444,26,0.1%,2004,FABIO MENEZES DE LEAO,PSC,VEREADOR
474,11044,23,0.1%,2004,CARLOS EDUARDO DE MATTOS,PP,VEREADOR
475,25622,22,0.1%,2004,CARLO FERREIRA DE CAIADO CASTRO,PFL,VEREADOR
476,21,21,0.1%,2004,NA,NA,NA
477,13010,21,0.1%,2004,MARIA DE NAZARETH DE ABREU BARRETO,PT,VEREADOR
478,45620,21,0.1%,2004,LUCIA HELENA PINTO DE BARROS,PSDB,VEREADOR
479,12615,20,0.1%,2004,PEDRO PORFIRIO SAMPAIO,PDT,VEREADOR
480,22777,20,0.1%,2004,NELSON MANUEL DA SILVA FERREIRA,PL,VEREADOR
481,23123,20,0.1%,2004,STEPAN NERCESSIAN,PPS,VEREADOR
482,12345,19,0.1%,2004,CARLOS DAUDT BRIZOLA,PDT,VEREADOR
483,12605,19,0.1%,2004,SAMI JORGE HADDAD ABDULMACIH,PDT,VEREADOR
484,25010,19,0.1%,2004,CLAUDIO MURILLO CAVALCANTI,PFL,VEREADOR
485,65123,19,0.1%,2004,FERNANDO PAULO FIGUEIREDO BUARQUE GUSMÃO,PC do B,VEREADOR
486,12672,18,0.1%,2004,PAULO EMILIO COELHO DE OLIVEIRA,PDT,VEREADOR
487,25025,18,0.1%,2004,SILVIA REGINA PINTO PONTES,PFL,VEREADOR
488,65,17,0.1%,2004,NA,NA,NA
489,23243,17,0.1%,2004,ROGÉRIO BITTAR,PPS,VEREADOR
490,22100,16,0.1%,2004,CLAUDINE FERREIRA DE SOUZA,PL,VEREADOR
491,45336,16,0.1%,2004,REINALDO SENNA DE CARVALHO,PSDB,VEREADOR
492,56770,16,0.1%,2004,LUIZ ANDRE FERREIRA DA SILVA,PRONA,VEREADOR
493,15670,15,0.1%,2004,JERÔNIMO GUIMARÃES FILHO,PMDB,VEREADOR
494,13001,12,0.1%,2004,WAGNER DIAS DE MEDEIROS,PT,VEREADOR
495,13021,12,0.1%,2004,SANCLER RODRIGUES DE MELLO,PT,VEREADOR
496,17444,12,0.1%,2004,FRANCISCO DIAS DA SILVA,PSL,VEREADOR
497,11,11,0.1%,2004,NA,NA,NA
498,11151,11,0.1%,2004,ANTONIO CARLOS DA FONSECA TEIXEIRA,PP,VEREADOR
499,15106,11,0.1%,2004,JEFFERSON MENDES REIS,PMDB,VEREADOR
500,15500,11,0.1%,2004,THEÓFILO GUEDES FRANCISCO DA SILVA,PMDB,VEREADOR
501,25100,9414,45%,2008,JOSINALDO FRANCISCO DA CRUZ,DEM,VEREADOR
502,95,1798,8.6%,2008,NA,NA,NA
503,33123,1207,5.8%,2008,CRISTIANO GIRÃO MATIAS,PMN,VEREADOR
504,96,718,3.4%,2008,NA,NA,NA
505,15,650,3.1%,2008,NA,NA,NA
506,22007,572,2.7%,2008,JOSÉ FERNANDO MORAES ALVES,PR,VEREADOR
507,10,550,2.6%,2008,NA,NA,NA
508,25,409,2%,2008,NA,NA,NA
509,25008,323,1.5%,2008,CARLOS ALBERTO LAVRADO CUPELLO,DEM,VEREADOR
510,13580,305,1.5%,2008,ROBSON CAMPOS LEITE,PT,VEREADOR
511,10789,261,1.2%,2008,TÂNIA CRISTINA MAGALHÃES BASTOS E SILVA,PRB,VEREADOR
512,15101,230,1.1%,2008,JOÃO FRANCISCO INÁCIO BRAZÃO,PMDB,VEREADOR
513,43,180,0.9%,2008,NA,NA,NA
514,23123,167,0.8%,2008,STEPAN NERCESSIAN,PPS,VEREADOR
515,13,165,0.8%,2008,NA,NA,NA
516,65,129,0.6%,2008,NA,NA,NA
517,12580,128,0.6%,2008,JORGE HENRIQUE MARTINS MANAIA,PDT,VEREADOR
518,22770,106,0.5%,2008,LUIZ ANDRE FERREIRA DA SILVA,PR,VEREADOR
519,15001,96,0.5%,2008,VERÔNICA CHAVES DE CARVALHO COSTA,PMDB,VEREADOR
520,40044,88,0.4%,2008,CARLOS EDUARDO DE MATTOS,PSB,VEREADOR
521,12,75,0.4%,2008,NA,NA,NA
522,22,73,0.3%,2008,NA,NA,NA
523,13001,67,0.3%,2008,WAGNER DIAS DE MEDEIROS,PT,VEREADOR
524,20122,67,0.3%,2008,ROGÉRIO XAVIER,PSC,VEREADOR
525,45007,67,0.3%,2008,PATRICIA AMORIM SIHMAN,PSDB,VEREADOR
526,25622,65,0.3%,2008,CARLO FERREIRA DE CAIADO CASTRO,DEM,VEREADOR
527,33,64,0.3%,2008,NA,NA,NA
528,20010,59,0.3%,2008,MARCIO HENRIQUE CRUZ PACHECO,PSC,VEREADOR
529,20456,57,0.3%,2008,JOSIMILSON RAIMUNDO DOS SANTOS,PSC,VEREADOR
530,27777,57,0.3%,2008,LUIZ CLAUDIO  DE OLIVEIRA,PSDC,VEREADOR
531,45001,56,0.3%,2008,LUIZ ANTONIO CHRISPIM GUARANÁ,PSDB,VEREADOR
532,15123,50,0.2%,2008,CLARISSA BARROS ASSED MATHEUS DE OLIVEIRA,PMDB,VEREADOR
533,17017,50,0.2%,2008,JURANI FERREIRA DA ROSA,PSL,VEREADOR
534,43333,43,0.2%,2008,ALFREDO HÉLIO SYRKIS,PV,VEREADOR
535,45748,43,0.2%,2008,ANTÔNIO DE ARAÚJO MEDEIROS SILVA,PSDB,VEREADOR
536,11224,41,0.2%,2008,ROBERVAL BATISTA DE UZEDA,PP,VEREADOR
537,12605,41,0.2%,2008,SAMI JORGE HADDAD ABDULMACIH,PDT,VEREADOR
538,21,39,0.2%,2008,NA,NA,NA
539,10026,39,0.2%,2008,JORGE LUIZ DA SILVA MOTTA,PRB,VEREADOR
540,43123,39,0.2%,2008,ASPASIA BRASILEIRO ALCANTARA DE CAMARGO,PV,VEREADOR
541,27000,38,0.2%,2008,IGOR GOMES PEREIRA  SOUTO,PSDC,VEREADOR
542,50,36,0.2%,2008,NA,NA,NA
543,12787,36,0.2%,2008,NEREIDE FERREIRA PEDREGAL,PDT,VEREADOR
544,14123,36,0.2%,2008,CRISTIANE BRASIL FRANCISCO,PTB,VEREADOR
545,12555,35,0.2%,2008,CARLOS EDUARDO PETRA LOPES DE CARVALHO,PDT,VEREADOR
546,27999,34,0.2%,2008,JOÃO RICARDO RIBAS  JUNIOR,PSDC,VEREADOR
547,25678,33,0.2%,2008,EIDER RIBEIRO DANTAS FILHO,DEM,VEREADOR
548,11,32,0.2%,2008,NA,NA,NA
549,25000,32,0.2%,2008,SILVERIO TELES BAETA ZEBRAL FILHO,DEM,VEREADOR
550,25555,32,0.2%,2008,CÉLIO CESAR LUPPARELLI FARIA,DEM,VEREADOR
551,15101,3392,14.6%,2012,JOÃO FRANCISCO INÁCIO BRAZÃO,PMDB,VEREADOR
552,95,2948,12.7%,2012,NA,NA,NA
553,15,1523,6.6%,2012,NA,NA,NA
554,25888,1441,6.2%,2012,CARLOS ALBERTO LAVRADO CUPELLO,DEM,VEREADOR
555,96,1073,4.6%,2012,NA,NA,NA
556,40003,1009,4.4%,2012,JOSE CARLOS DA SILVA,PSB,VEREADOR
557,10000,692,3%,2012,WAGNER MONTES,PRB,VEREADOR
558,43888,656,2.8%,2012,SANDRO DE MOURA ALEXANDRE,PV,VEREADOR
559,12345,493,2.1%,2012,LEONEL BRIZOLA,PDT,VEREADOR
560,10789,440,1.9%,2012,TÂNIA CRISTINA MAGALHÃES BASTOS E SILVA,PRB,VEREADOR
561,50,428,1.8%,2012,NA,NA,NA
562,22002,424,1.8%,2012,VERONICA CHAVES DE CARVALHO COSTA,PR,VEREADOR
563,15001,392,1.7%,2012,LUIZ ANTÔNIO CHRISPIM GUARANÁ,PMDB,VEREADOR
564,36400,244,1.1%,2012,MARTA MARIANO DE OLIVERA,PTC,VEREADOR
565,12129,216,0.9%,2012,SEBASTIAO LUIZ VIEIRA,PDT,VEREADOR
566,12129,216,0.9%,2012,CARLOS HENRIQUE DA CONCEICAO GARCIA,PDT,VEREADOR
567,23100,204,0.9%,2012,CHARLES GLEDSON CONRADO,PPS,VEREADOR
568,31151,195,0.8%,2012,CRISTIANE LESCAUT DA SILVA,PHS,VEREADOR
569,15007,190,0.8%,2012,PATRICIA AMORIM SIHMAN,PMDB,VEREADOR
570,12456,185,0.8%,2012,JORGE HENRIQUE MARTINS MANAIA,PDT,VEREADOR
571,15159,165,0.7%,2012,THIAGO KWIATKOWSKI RIBEIRO,PMDB,VEREADOR
572,40044,156,0.7%,2012,CARLOS EDUARDO DE MATTOS,PSB,VEREADOR
573,31001,149,0.6%,2012,JOSE CARLOS FERREIRA DO CARMO,PHS,VEREADOR
574,25800,146,0.6%,2012,EDMUNDO FONTENELLE COELHO,DEM,VEREADOR
575,40100,146,0.6%,2012,RAFAEL COBALEA BELLUCCI,PSB,VEREADOR
576,40777,145,0.6%,2012,ARMANDO JOSE TAVARES FERREIRA,PSB,VEREADOR
577,17012,142,0.6%,2012,ADELSON PEREIRA GUEDES,PSL,VEREADOR
578,45654,142,0.6%,2012,JORGE LUIZ ANDRADE DA SILVA,PSDB,VEREADOR
579,15777,140,0.6%,2012,CLAUDIA BUENO GONÇALVES,PMDB,VEREADOR
580,27100,136,0.6%,2012,OTONI MOURA DE PAULO JUNIOR,PSDC,VEREADOR
581,19319,134,0.6%,2012,IRAN CAMARA DOMINGUES,PTN,VEREADOR
582,25,123,0.5%,2012,NA,NA,NA
583,27999,115,0.5%,2012,JOÃO RICARDO RIBAS JUNIOR,PSDC,VEREADOR
584,11748,102,0.4%,2012,ANTONIO DE ARAUJO MEDEIROS SILVA,PP,VEREADOR
585,13000,101,0.4%,2012,MARCELO ARAR,PT,VEREADOR
586,45,98,0.4%,2012,NA,NA,NA
587,20010,89,0.4%,2012,CLÁUDIO BOMFIM DE CASTRO E SILVA,PSC,VEREADOR
588,13513,86,0.4%,2012,MOZART SANTANA CHALFUN,PT,VEREADOR
589,25111,82,0.4%,2012,CESAR EPITÁCIO MAIA,DEM,VEREADOR
590,25622,82,0.4%,2012,CARLO FERREIRA DE CAIADO CASTRO,DEM,VEREADOR
591,15015,74,0.3%,2012,ALEXANDRE ISQUIERDO MOREIRA,PMDB,VEREADOR
592,14014,69,0.3%,2012,MARIA LAURA MONTEZA DE SOUZA CARNEIRO,PTB,VEREADOR
593,25095,67,0.3%,2012,MARCELO GONÇALVES COSTA LOPES,DEM,VEREADOR
594,43,62,0.3%,2012,NA,NA,NA
595,28999,59,0.3%,2012,PAULO CIRO DA SILVA MENDONÇA,PRTB,VEREADOR
596,13,58,0.3%,2012,NA,NA,NA
597,25100,57,0.2%,2012,MÁRCIO DE CASTRO CORDEIRO,DEM,VEREADOR
598,55002,56,0.2%,2012,ARONY RIBEIRO DE ANDRADE,PSD,VEREADOR
599,40,53,0.2%,2012,NA,NA,NA
600,10,52,0.2%,2012,NA,NA,NA
601,15101,7129,30.2%,2014,DOMINGOS BRAZÃO,PMDB,DEPUTADO ESTADUAL
602,95,2706,11.4%,2014,NA,NA,NA
603,96,1525,6.4%,2014,NA,NA,NA
604,77088,1223,5.2%,2014,TIO CARLOS,SD,DEPUTADO ESTADUAL
605,50123,847,3.6%,2014,MARCELO FREIXO,PSOL,DEPUTADO ESTADUAL
606,55123,782,3.3%,2014,WAGNER MONTES,PSD,DEPUTADO ESTADUAL
607,15,604,2.6%,2014,NA,NA,NA
608,77777,451,1.9%,2014,BEBETO TETRA,SD,DEPUTADO ESTADUAL
609,15001,448,1.9%,2014,TIAGO MOHAMED,PMDB,DEPUTADO ESTADUAL
610,13,421,1.8%,2014,NA,NA,NA
611,28100,328,1.4%,2014,SOLY LOPES,PRTB,DEPUTADO ESTADUAL
612,31001,302,1.3%,2014,CARLÃO CIDADÃO,PHS,DEPUTADO ESTADUAL
613,10100,251,1.1%,2014,CARLOS MACEDO,PRB,DEPUTADO ESTADUAL
614,10123,247,1%,2014,TIA JU,PRB,DEPUTADO ESTADUAL
615,40,228,1%,2014,NA,NA,NA
616,13013,225,1%,2014,ROBSON LEITE,PT,DEPUTADO ESTADUAL
617,77890,197,0.8%,2014,ABELARDINHO,SD,DEPUTADO ESTADUAL
618,13011,186,0.8%,2014,ADELSON GUEDES,PT,DEPUTADO ESTADUAL
619,22111,181,0.8%,2014,FILIPE SOARES,PR,DEPUTADO ESTADUAL
620,11120,172,0.7%,2014,FLÁVIO BOLSONARO,PP,DEPUTADO ESTADUAL
621,55777,159,0.7%,2014,SAMUEL MALAFAIA,PSD,DEPUTADO ESTADUAL
622,20010,154,0.7%,2014,MÁRCIO PACHECO,PSC,DEPUTADO ESTADUAL
623,15021,152,0.6%,2014,OSORIO,PMDB,DEPUTADO ESTADUAL
624,45,138,0.6%,2014,NA,NA,NA
625,15159,137,0.6%,2014,RAFAEL PICCIANI,PMDB,DEPUTADO ESTADUAL
626,27888,135,0.6%,2014,MARCELLO SICILIANO,PSDC,DEPUTADO ESTADUAL
627,10,124,0.5%,2014,NA,NA,NA
628,15505,111,0.5%,2014,PEDRO AUGUSTO,PMDB,DEPUTADO ESTADUAL
629,15011,104,0.4%,2014,MARCELO SIMÃO,PMDB,DEPUTADO ESTADUAL
630,12212,103,0.4%,2014,CIDINHA CAMPOS,PDT,DEPUTADO ESTADUAL
631,77,98,0.4%,2014,NA,NA,NA
632,22,97,0.4%,2014,NA,NA,NA
633,17777,94,0.4%,2014,PR. GESSE SANTTOS,PSL,DEPUTADO ESTADUAL
634,55010,91,0.4%,2014,MILTON RANGEL,PSD,DEPUTADO ESTADUAL
635,12,88,0.4%,2014,NA,NA,NA
636,55321,85,0.4%,2014,ANDRÉ CORRÊA,PSD,DEPUTADO ESTADUAL
637,11,83,0.4%,2014,NA,NA,NA
638,77123,83,0.4%,2014,PEDRO FERNANDES,SD,DEPUTADO ESTADUAL
639,22692,76,0.3%,2014,RAFAEL SALES,PR,DEPUTADO ESTADUAL
640,50,72,0.3%,2014,NA,NA,NA
641,65123,68,0.3%,2014,EDMILSON VALENTIM,PC do B,DEPUTADO ESTADUAL
642,10696,67,0.3%,2014,CLAUDIO SILVA,PRB,DEPUTADO ESTADUAL
643,45620,66,0.3%,2014,LUCINHA,PSDB,DEPUTADO ESTADUAL
644,55040,56,0.2%,2014,DELEGADA MARTHA ROCHA,PSD,DEPUTADO ESTADUAL
645,15300,49,0.2%,2014,FABIO SILVA,PMDB,DEPUTADO ESTADUAL
646,25,48,0.2%,2014,NA,NA,NA
647,15015,48,0.2%,2014,EDIMAR TEIXEIRA,PMDB,DEPUTADO ESTADUAL
648,15555,46,0.2%,2014,ANDRÉ LAZARONI,PMDB,DEPUTADO ESTADUAL
649,70777,45,0.2%,2014,MC DOCA,PT do B,DEPUTADO ESTADUAL
650,55,43,0.2%,2014,NA,NA,NA
651,95,3753,15.9%,2014,NA,NA,NA
652,1530,3671,15.5%,2014,EDUARDO CUNHA,PMDB,DEPUTADO FEDERAL
653,96,2053,8.7%,2014,NA,NA,NA
654,7787,2038,8.6%,2014,GEISO DO CASTELO DAS PEDRAS,SD,DEPUTADO FEDERAL
655,1515,801,3.4%,2014,PEDRO PAULO,PMDB,DEPUTADO FEDERAL
656,1120,623,2.6%,2014,JAIR BOLSONARO,PP,DEPUTADO FEDERAL
657,4555,614,2.6%,2014,OTAVIO LEITE,PSDB,DEPUTADO FEDERAL
658,1010,599,2.5%,2014,ROBERTO SALES,PRB,DEPUTADO FEDERAL
659,1580,535,2.3%,2014,LEONARDO PICCIANI,PMDB,DEPUTADO FEDERAL
660,2222,440,1.9%,2014,CLARISSA GAROTINHO,PR,DEPUTADO FEDERAL
661,40,425,1.8%,2014,NA,NA,NA
662,6565,379,1.6%,2014,JANDIRA FEGHALI,PC do B,DEPUTADO FEDERAL
663,1234,378,1.6%,2014,BRIZOLA NETO,PDT,DEPUTADO FEDERAL
664,15,329,1.4%,2014,NA,NA,NA
665,5005,304,1.3%,2014,JEAN WYLLYS,PSOL,DEPUTADO FEDERAL
666,1577,264,1.1%,2014,MARCO ANTÔNIO CABRAL,PMDB,DEPUTADO FEDERAL
667,5050,246,1%,2014,CHICO ALENCAR,PSOL,DEPUTADO FEDERAL
668,13,209,0.9%,2014,NA,NA,NA
669,2211,205,0.9%,2014,MARCOS SOARES,PR,DEPUTADO FEDERAL
670,1500,193,0.8%,2014,WILSON SILVA BESERRA,PMDB,DEPUTADO FEDERAL
671,9090,173,0.7%,2014,HUGO LEAL,PROS,DEPUTADO FEDERAL
672,1313,162,0.7%,2014,ALESSANDRO MOLON,PT,DEPUTADO FEDERAL
673,2280,161,0.7%,2014,FRANCISCO FLORIANO,PR,DEPUTADO FEDERAL
674,5566,156,0.7%,2014,INDIO DA COSTA,PSD,DEPUTADO FEDERAL
675,5577,145,0.6%,2014,SÓSTENES CAVALCANTE,PSD,DEPUTADO FEDERAL
676,5020,132,0.6%,2014,CABO DACIOLO,PSOL,DEPUTADO FEDERAL
677,10,131,0.6%,2014,NA,NA,NA
678,5110,120,0.5%,2014,PASTOR OTONI DE PAULO,PEN,DEPUTADO FEDERAL
679,25,115,0.5%,2014,NA,NA,NA
680,5593,110,0.5%,2014,AROLDE DE OLIVEIRA,PSD,DEPUTADO FEDERAL
681,7070,110,0.5%,2014,ROMMEL CARDOZO,PT do B,DEPUTADO FEDERAL
682,2323,105,0.4%,2014,STEPAN NERCESSIAN,PPS,DEPUTADO FEDERAL
683,1111,103,0.4%,2014,JÚLIO LOPES,PP,DEPUTADO FEDERAL
684,1377,99,0.4%,2014,BENEDITA DA SILVA,PT,DEPUTADO FEDERAL
685,45,91,0.4%,2014,NA,NA,NA
686,1415,90,0.4%,2014,LAURA CARNEIRO,PTB,DEPUTADO FEDERAL
687,2587,89,0.4%,2014,RODRIGO MAIA,DEM,DEPUTADO FEDERAL
688,1331,82,0.3%,2014,BITTAR,PT,DEPUTADO FEDERAL
689,2202,81,0.3%,2014,VERONICA COSTA,PR,DEPUTADO FEDERAL
690,9000,80,0.3%,2014,MIRO TEIXEIRA,PROS,DEPUTADO FEDERAL
691,2230,76,0.3%,2014,CEL. RABELO,PR,DEPUTADO FEDERAL
692,5596,76,0.3%,2014,FRANCISCO BARBOSA,PSD,DEPUTADO FEDERAL
693,1303,73,0.3%,2014,FABIANO HORTA,PT,DEPUTADO FEDERAL
694,2223,69,0.3%,2014,AGUINALDO TIMOTHEO,PR,DEPUTADO FEDERAL
695,50,68,0.3%,2014,NA,NA,NA
696,1414,68,0.3%,2014,CRISTIANE BRASIL,PTB,DEPUTADO FEDERAL
697,55,56,0.2%,2014,NA,NA,NA
698,5055,56,0.2%,2014,RENATO CINCO,PSOL,DEPUTADO FEDERAL
699,1311,55,0.2%,2014,EDSON SANTOS,PT,DEPUTADO FEDERAL
700,22,51,0.2%,2014,NA,NA,NA
701,400,11051,46.7%,2014,ROMÁRIO,PSB,SENADOR
702,255,3930,16.6%,2014,CESAR MAIA,DEM,SENADOR
703,95,3465,14.7%,2014,NA,NA,NA
704,96,3155,13.3%,2014,NA,NA,NA
705,100,722,3.1%,2014,DIPLOMATA SEBASTIÃO NEVES,PRB,SENADOR
706,901,556,2.4%,2014,LILIAM SÁ,PROS,SENADOR
707,123,486,2.1%,2014,CARLOS LUPI,PDT,SENADOR
708,500,230,1%,2014,PEDRO ROSA,PSOL,SENADOR
709,211,40,0.2%,2014,EDUARDO SERRA,PCB,SENADOR
710,161,10,0%,2014,HEITOR FERNANDES,PSTU,SENADOR
711,15101,4219,16.7%,2016,CHIQUINHO BRAZÃO,PMDB,VEREADOR
712,95,3148,12.5%,2016,NA,NA,NA
713,77877,2415,9.6%,2016,GEISO DO CASTELO RIO DAS PEDRA,SD,VEREADOR
714,96,2117,8.4%,2016,NA,NA,NA
715,45006,1874,7.4%,2016,CLEUSA PRETA LOIRA,PSDB,VEREADOR
716,10,708,2.8%,2016,NA,NA,NA
717,10999,480,1.9%,2016,TÂNIA BASTOS ,PRB,VEREADOR
718,55664,430,1.7%,2016,OSVALDO MAIA,PSD,VEREADOR
719,15159,406,1.6%,2016,THIAGO K. RIBEIRO,PMDB,VEREADOR
720,20120,399,1.6%,2016,CARLOS BOLSONARO,PSC,VEREADOR
721,15,362,1.4%,2016,NA,NA,NA
722,50123,284,1.1%,2016,TARCÍSIO MOTTA,PSOL,VEREADOR
723,12003,282,1.1%,2016,CARLINHOS SILVA,PDT,VEREADOR
724,14001,230,0.9%,2016,ALEX COSTA,PTB,VEREADOR
725,25622,201,0.8%,2016,CARLO CAIADO,DEM,VEREADOR
726,20010,199,0.8%,2016,CLÁUDIO CASTRO,PSC,VEREADOR
727,30000,181,0.7%,2016,MARCELO BANDEIRA,NOVO,VEREADOR
728,25015,175,0.7%,2016,MARCELLO BARBOSA,DEM,VEREADOR
729,65023,167,0.7%,2016,GREGO DO RIO DAS PEDRAS,PC do B,VEREADOR
730,77456,164,0.6%,2016,DR. JORGE MANAIA,SD,VEREADOR
731,31031,156,0.6%,2016,MARCELO PIUI,PHS,VEREADOR
732,25500,148,0.6%,2016,CESAR MAIA,DEM,VEREADOR
733,50,140,0.6%,2016,NA,NA,NA
734,77044,133,0.5%,2016,DR. CARLOS EDUARDO,SD,VEREADOR
735,20200,131,0.5%,2016,OTONI DE PAULA JR,PSC,VEREADOR
736,55,127,0.5%,2016,NA,NA,NA
737,15999,125,0.5%,2016,DR. JOÃO RICARDO,PMDB,VEREADOR
738,31888,116,0.5%,2016,MARCELLO SICILIANO,PHS,VEREADOR
739,12129,114,0.5%,2016,CARLINHOS MISSIL GARCIA,PDT,VEREADOR
740,45,106,0.4%,2016,NA,NA,NA
741,14000,106,0.4%,2016,MARCELO ARAR,PTB,VEREADOR
742,50777,101,0.4%,2016,MARIELLE FRANCO,PSOL,VEREADOR
743,12777,96,0.4%,2016,DUDA PETRA,PDT,VEREADOR
744,15002,92,0.4%,2016,VERÔNICA COSTA,PMDB,VEREADOR
745,33103,91,0.4%,2016,JORGINHO  VISÃO,PMN,VEREADOR
746,65,84,0.3%,2016,NA,NA,NA
747,13535,78,0.3%,2016,LUCIANA NOVAES,PT,VEREADOR
748,36071,78,0.3%,2016,LUIZ KBELINHO,PTC,VEREADOR
749,40762,78,0.3%,2016,RICARDO MENDES,PSB,VEREADOR
750,14011,77,0.3%,2016,ADELSON GUEDES,PTB,VEREADOR
751,15620,75,0.3%,2016,JUNIOR DA LUCINHA,PMDB,VEREADOR
752,25456,73,0.3%,2016,MATHEUS FLORIANO,DEM,VEREADOR
753,20,71,0.3%,2016,NA,NA,NA
754,70111,61,0.2%,2016,VALDIR CORREA,PT do B,VEREADOR
755,19322,60,0.2%,2016,SALATHIEL SALADA,PTN,VEREADOR
756,12,59,0.2%,2016,NA,NA,NA
757,15006,58,0.2%,2016,ANDRADE,PMDB,VEREADOR
758,77777,51,0.2%,2016,DR. SERGIO ALVES,SD,VEREADOR
759,33193,47,0.2%,2016,BOLA MACEDO,PMN,VEREADOR
760,90123,47,0.2%,2016,PAULO MESSINA,PROS,VEREADOR
761,NA,3356,13.4%,2018,Branco,NA,NA
762,NA,3098,12.4%,2018,Nulo,NA,NA
763,22006,1857,7.4%,2018,CLEUSA PRETA LOIRA,PR,DEPUTADO ESTADUAL
764,22101,1547,6.2%,2018,PEDRO BRAZAO,PR,DEPUTADO ESTADUAL
765,NA,612,2.4%,2018,ROBSON LEITE,NA,NA
766,10123,541,2.2%,2018,TIA JU,PRB,DEPUTADO ESTADUAL
767,NA,453,1.8%,2018,RODRIGO AMORIM,NA,NA
768,NA,436,1.7%,2018,PSL,NA,NA
769,17010,379,1.5%,2018,LEOPOLDO CANAL,PSL,DEPUTADO ESTADUAL
770,NA,368,1.5%,2018,PT,NA,NA
771,17890,307,1.2%,2018,ALEXANDRE KNOPLOCH,PSL,DEPUTADO ESTADUAL
772,65655,294,1.2%,2018,ROBSON BESSA,PC do B,DEPUTADO ESTADUAL
773,17120,261,1%,2018,ALANA PASSOS,PSL,DEPUTADO ESTADUAL
774,25622,249,1%,2018,CARLO CAIADO,DEM,DEPUTADO ESTADUAL
775,50007,239,1%,2018,RENATA SOUZA,PSOL,DEPUTADO ESTADUAL
776,19777,229,0.9%,2018,BEBETO TETRA,PODE,DEPUTADO ESTADUAL
777,NA,211,0.8%,2018,DEM,NA,NA
778,12500,205,0.8%,2018,THIAGO PAMPOLHA,PDT,DEPUTADO ESTADUAL
779,10007,186,0.7%,2018,JAYME EDUARDO,PRB,DEPUTADO ESTADUAL
780,13011,184,0.7%,2018,ADELSON GUEDES,PT,DEPUTADO ESTADUAL
781,25333,165,0.7%,2018,FILIPE SOARES,DEM,DEPUTADO ESTADUAL
782,NA,159,0.6%,2018,AVANTE,NA,NA
783,55800,157,0.6%,2018,JORGE FELIPPE NETO,PSD,DEPUTADO ESTADUAL
784,NA,155,0.6%,2018,PDT,NA,NA
785,NA,153,0.6%,2018,PSOL,NA,NA
786,25777,147,0.6%,2018,SAMUEL MALAFAIA,DEM,DEPUTADO ESTADUAL
787,35007,143,0.6%,2018,MARCO VIDAL,PMB,DEPUTADO ESTADUAL
788,20010,137,0.5%,2018,MARCIO PACHECO,PSC,DEPUTADO ESTADUAL
789,15212,115,0.5%,2018,GUSTAVO TUTUCA,MDB,DEPUTADO ESTADUAL
790,30300,110,0.4%,2018,RAFAEL HATAB,NOVO,DEPUTADO ESTADUAL
791,NA,107,0.4%,2018,PR,NA,NA
792,17500,104,0.4%,2018,CORONEL SALEMA,PSL,DEPUTADO ESTADUAL
793,17017,100,0.4%,2018,ANDERSON MORAES,PSL,DEPUTADO ESTADUAL
794,NA,99,0.4%,2018,PRB,NA,NA
795,55021,98,0.4%,2018,ROSANE FELIX,PSD,DEPUTADO ESTADUAL
796,12040,95,0.4%,2018,DELEGADA MARTHA ROCHA,PDT,DEPUTADO ESTADUAL
797,50888,93,0.4%,2018,MÔNICA FRANCISCO,PSOL,DEPUTADO ESTADUAL
798,45678,91,0.4%,2018,LUIZ PAULO,PSDB,DEPUTADO ESTADUAL
799,77200,91,0.4%,2018,OTONI DE PAULA PAI,SOLIDARIEDADE,DEPUTADO ESTADUAL
800,50050,85,0.3%,2018,DANI MONTEIRO,PSOL,DEPUTADO ESTADUAL
801,51332,82,0.3%,2018,LIDI NOGUEIRA,PATRI,DEPUTADO ESTADUAL
802,NA,82,0.3%,2018,SOLIDARIEDADE,NA,NA
803,55045,80,0.3%,2018,DELEGADO CARLOS AUGUSTO,PSD,DEPUTADO ESTADUAL
804,NA,80,0.3%,2018,PSD,NA,NA
805,45620,79,0.3%,2018,LUCINHA,PSDB,DEPUTADO ESTADUAL
806,17121,78,0.3%,2018,CARLOS BIGU,PSL,DEPUTADO ESTADUAL
807,25010,77,0.3%,2018,MILTON RANGEL,DEM,DEPUTADO ESTADUAL
808,40000,74,0.3%,2018,CARLOS MINC,PSB,DEPUTADO ESTADUAL
809,11015,73,0.3%,2018,MARCELO QUEIROZ,PP,DEPUTADO ESTADUAL
810,12212,72,0.3%,2018,CIDINHA CAMPOS,PDT,DEPUTADO ESTADUAL
811,NA,2912,11.6%,2018,Branco,NA,NA
812,NA,2864,11.4%,2018,Nulo,NA,NA
813,7070,2375,9.5%,2018,CHIQUINHO BRAZÃO,AVANTE,DEPUTADO FEDERAL
814,NA,1427,5.7%,2018,TIO CARLOS,NA,NA
815,5050,1309,5.2%,2018,MARCELO FREIXO,PSOL,DEPUTADO FEDERAL
816,1720,632,2.5%,2018,HELIO FERNANDO BARBOSA LOPES,PSL,DEPUTADO FEDERAL
817,4040,581,2.3%,2018,ALESSANDRO MOLON,PSB,DEPUTADO FEDERAL
818,6565,553,2.2%,2018,JANDIRA FEGHALI,PC do B,DEPUTADO FEDERAL
819,NA,515,2.1%,2018,JORGE BRAZ,NA,NA
820,2050,503,2%,2018,OTONI DE PAULA,PSC,DEPUTADO FEDERAL
821,NA,489,2%,2018,REIMONT,NA,NA
822,NA,403,1.6%,2018,PSL,NA,NA
823,NA,368,1.5%,2018,PT,NA,NA
824,1777,347,1.4%,2018,CARLOS JORDY,PSL,DEPUTADO FEDERAL
825,1707,342,1.4%,2018,CHAGAS BOLA,PSL,DEPUTADO FEDERAL
826,5593,283,1.1%,2018,FLORDELIS,PSD,DEPUTADO FEDERAL
827,NA,275,1.1%,2018,LUIZ LIMA,NA,NA
828,1778,231,0.9%,2018,SANDRO DE MOURA,PSL,DEPUTADO FEDERAL
829,1010,192,0.8%,2018,WAGNER MONTES,PRB,DEPUTADO FEDERAL
830,1555,185,0.7%,2018,ANDRÉ LAZARONI,MDB,DEPUTADO FEDERAL
831,4555,183,0.7%,2018,OTAVIO LEITE,PSDB,DEPUTADO FEDERAL
832,5077,172,0.7%,2018,TALÍRIA PETRONE,PSOL,DEPUTADO FEDERAL
833,1770,164,0.7%,2018,ROMMEL,PSL,DEPUTADO FEDERAL
834,NA,163,0.7%,2018,BENEDITA DA SILVA,NA,NA
835,44167,163,0.7%,2018,MARCOS SOARES,PRP,DEPUTADO ESTADUAL
836,2533,163,0.7%,2018,MARCOS SOARES,DEM,DEPUTADO FEDERAL
837,NA,154,0.6%,2018,PDT,NA,NA
838,1313,153,0.6%,2018,QUAQUA,PT,DEPUTADO FEDERAL
839,1818,146,0.6%,2018,EDUARDO BANDEIRA DE MELLO,REDE,DEPUTADO FEDERAL
840,2501,142,0.6%,2018,PEDRO PAULO,DEM,DEPUTADO FEDERAL
841,2227,139,0.6%,2018,LUIZ CARLOS RAMOS DO CHAPEU,PR,DEPUTADO FEDERAL
842,NA,138,0.6%,2018,MARCELO CRIVELLA FILHO,NA,NA
843,2525,136,0.5%,2018,LAURA CARNEIRO,DEM,DEPUTADO FEDERAL
844,1746,134,0.5%,2018,MAJOR FABIANA,PSL,DEPUTADO FEDERAL
845,5580,117,0.5%,2018,PEDRO AUGUSTO,PSD,DEPUTADO FEDERAL
846,NA,115,0.5%,2018,DEM,NA,NA
847,3030,115,0.5%,2018,PAULO GANIME,NOVO,DEPUTADO FEDERAL
848,1580,109,0.4%,2018,LEONARDO PICCIANI,MDB,DEPUTADO FEDERAL
849,3033,105,0.4%,2018,MAURIZIO SPINELLI,NOVO,DEPUTADO FEDERAL
850,3501,104,0.4%,2018,RABELO,PMB,DEPUTADO FEDERAL
851,2587,103,0.4%,2018,RODRIGO MAIA,DEM,DEPUTADO FEDERAL
852,1577,98,0.4%,2018,MARCO ANTÔNIO CABRAL,MDB,DEPUTADO FEDERAL
853,5510,93,0.4%,2018,HUGO LEAL,PSD,DEPUTADO FEDERAL
854,2577,92,0.4%,2018,SÓSTENES,DEM,DEPUTADO FEDERAL
855,1798,90,0.4%,2018,SARGENTO GURGEL,PSL,DEPUTADO FEDERAL
856,5000,87,0.3%,2018,DAVID MIRANDA,PSOL,DEPUTADO FEDERAL
857,1752,87,0.3%,2018,MÁRCIO LABRE,PSL,DEPUTADO FEDERAL
858,1747,86,0.3%,2018,COMANDANTE SERGIO WEYDT,PSL,DEPUTADO FEDERAL
859,1820,83,0.3%,2018,PR MÁRCIO MATOS,REDE,DEPUTADO FEDERAL
860,NA,82,0.3%,2018,CELSO PANSERA,NA,NA
861,NA,10412,20.8%,2018,Nulo,NA,NA
862,177,8729,17.4%,2018,FLÁVIO BOLSONARO,PSL,SENADOR
863,NA,7505,15%,2018,Branco,NA,NA
864,131,6014,12%,2018,LINDBERGH,PT,SENADOR
865,255,5286,10.5%,2018,CESAR MAIA,DEM,SENADOR
866,555,4243,8.5%,2018,AROLDE DE OLIVEIRA,PSD,SENADOR
867,500,3350,6.7%,2018,CHICO ALENCAR,PSOL,SENADOR
868,100,1315,2.6%,2018,SENADOR EDUARDO LOPES,PRB,SENADOR
869,123,817,1.6%,2018,JOSE BONIFACIO,PDT,SENADOR
870,188,656,1.3%,2018,MIRO TEIXEIRA,REDE,SENADOR
871,200,608,1.2%,2018,PASTOR EVERALDO,PSC,SENADOR
872,455,581,1.2%,2018,ASPASIA,PSDB,SENADOR
873,281,245,0.5%,2018,MATTOS NASCIMENTO,PRTB,SENADOR
874,161,105,0.2%,2018,CYRO CARGIA,PSTU,SENADOR
875,211,102,0.2%,2018,MARTA BARÇANTE,PCB,SENADOR
876,355,73,0.1%,2018,GABRIELLE BURCCI,PMB,SENADOR
877,290,30,0.1%,2018,FERNANDO FAGUNDES RIBEIRO,PCO,SENADOR
878,511,30,0.1%,2018,WALTER CRISTIE SILVA AGUIAR,PATRI,SENADOR
879,160,17,0%,2018,SAMANTHA GUEDES,PSTU,SENADOR